urun_adi;kategori_id;kategori_yolu;alternatif_kategori_id;alternatif_kategori_yolu;kaynak;url;not
Medaillon Home Gri %100 Pamuklu Tek Ki?ilik Nevresim Tak?m?;2247;Ev & Mobilya > Ev > Ev Tekstili > Yatak Odas? Tekstili > Nevresim Tak?m? > Tek Ki?ilik Nevresim;;;Trendyol ?r?n sayfas? / web indeksi;https://www.trendyol.com/medaillon-home/gri-100-pamuklu-tek-kisilik-nevresim-takimi-p-779765241;Tek ki?ilik nevresim tak?m?.
Medaillon Home Eflora Lastikli ?ar?afl? ?ift Ki?ilik Nevresim Tak?m? ?i?ek Desenli;2248;Ev & Mobilya > Ev > Ev Tekstili > Yatak Odas? Tekstili > Nevresim Tak?m? > ?ift Ki?ilik Nevresim;;;Trendyol ?r?n sayfas? / web indeksi;https://www.trendyol.com/medaillon-home/eflora-lastikli-carsafli-cift-kisilik-nevresim-takimi-cicek-desenli-p-948387836;?ar?af dahil olsa da ana ?r?n nevresim tak?m?.
Medaillon Home Viva Lastikli ?ar?afl? ?ift Ki?ilik Nevresim Tak?m? ?i?ek Desenli;2248;Ev & Mobilya > Ev > Ev Tekstili > Yatak Odas? Tekstili > Nevresim Tak?m? > ?ift Ki?ilik Nevresim;;;Trendyol ?r?n sayfas? / web indeksi;https://www.trendyol.com/medaillon-home/viva-lastikli-carsafli-cift-kisilik-nevresim-takimi-cicek-desenli-p-948387957;?ift ki?ilik nevresim tak?m?.
Medaillon Home Pembe %100 Pamuklu 4 Katl? M?slin Bebek Battaniyesi & ?ocuk M?slin ?rt?;2365;Ev & Mobilya > Ev > Ev Tekstili > Bebek&?ocuk Ev Tekstil > Bebek & ?ocuk Battaniyesi;;;Trendyol ?r?n sayfas? / web indeksi;https://www.trendyol.com/medaillon-home/pembe-100-pamuklu-4-katli-muslin-bebek-battaniyesi-cocuk-muslin-ortu-p-856296395;Bebek/?ocuk battaniyesi olarak s?n?fland?r?lmal?.
Medaillon Home Turuncu %100 Pamuklu 4 Katl? M?slin Bebek Battaniyesi & ?ocuk M?slin ?rt?;2365;Ev & Mobilya > Ev > Ev Tekstili > Bebek&?ocuk Ev Tekstil > Bebek & ?ocuk Battaniyesi;;;Ayn? marka ma?aza indeksi;https://www.idefix.com/satici/medaillon-home-8099;"Bebek/?ocuk battaniyesi; renk varyant?."
Medaillon Home Soft Kahverengi %100 Pamuklu Tek Ki?ilik Nevresim Tak?m?;2247;Ev & Mobilya > Ev > Ev Tekstili > Yatak Odas? Tekstili > Nevresim Tak?m? > Tek Ki?ilik Nevresim;;;Ayn? marka ma?aza indeksi;https://www.idefix.com/medaillon-home-soft-kahverengi-100-pamuklu-tek-kisilik-nevresim-takimi-p-7744622;Tek ki?ilik nevresim tak?m?.
Medaillon Home Krem %100 Pamuklu Tek Ki?ilik Nevresim Tak?m?;2247;Ev & Mobilya > Ev > Ev Tekstili > Yatak Odas? Tekstili > Nevresim Tak?m? > Tek Ki?ilik Nevresim;;;?r?n/fiyat indeksi;https://fiyator.com/brand/133780/medaillon%20home;"Tek ki?ilik nevresim tak?m?; renk varyant?."
Medaillon Home Ye?il %100 Pamuklu Lastikli ?ar?afl? Tek Ki?ilik Nevresim Tak?m?;2247;Ev & Mobilya > Ev > Ev Tekstili > Yatak Odas? Tekstili > Nevresim Tak?m? > Tek Ki?ilik Nevresim;;;Ayn? marka ma?aza indeksi;https://www.idefix.com/satici/medaillon-home-8099;Tek ki?ilik nevresim tak?m?.
Medaillon Home Eflora Tek Ki?ilik Lastikli ?ar?afl? Nevresim Tak?m?;2247;Ev & Mobilya > Ev > Ev Tekstili > Yatak Odas? Tekstili > Nevresim Tak?m? > Tek Ki?ilik Nevresim;;;?r?n/fiyat indeksi;https://fiyator.com/brand/133780/medaillon%20home;Tek ki?ilik nevresim tak?m?.
Medaillon Home Lacivert %100 Pamuklu Lastikli ?ar?afl? Tek Ki?ilik Nevresim Tak?m?;2247;Ev & Mobilya > Ev > Ev Tekstili > Yatak Odas? Tekstili > Nevresim Tak?m? > Tek Ki?ilik Nevresim;;;?r?n/fiyat indeksi;https://fiyator.com/brand/133780/medaillon%20home;Tek ki?ilik nevresim tak?m?.
Medaillon Home Turkuaz %100 Pamuklu ?ift Ki?ilik Nevresim Seti;2248;Ev & Mobilya > Ev > Ev Tekstili > Yatak Odas? Tekstili > Nevresim Tak?m? > ?ift Ki?ilik Nevresim;;;Ayn? marka ma?aza indeksi;https://www.idefix.com/satici/medaillon-home-8099;?ift ki?ilik nevresim seti.
Medaillon Home Gri %100 Pamuklu ?ift Ki?ilik Nevresim Tak?m?;2248;Ev & Mobilya > Ev > Ev Tekstili > Yatak Odas? Tekstili > Nevresim Tak?m? > ?ift Ki?ilik Nevresim;;;Ayn? marka ma?aza indeksi;https://www.idefix.com/satici/medaillon-home-8099;?ift ki?ilik nevresim tak?m?.
Medaillon Home Soft Kahverengi %100 Pamuklu ?ift Ki?ilik Nevresim Tak?m?;2248;Ev & Mobilya > Ev > Ev Tekstili > Yatak Odas? Tekstili > Nevresim Tak?m? > ?ift Ki?ilik Nevresim;;;Ayn? marka ?r?n indeksi;https://www.idefix.com/medaillon-home-soft-kahverengi-100-pamuklu-cift-kisilik-nevresim-takimi-p-7744654;?ift ki?ilik nevresim tak?m?.
Medaillon Home Somon %100 Pamuklu Lastikli ?ar?afl? ?ift Ki?ilik Nevresim Tak?m?;2248;Ev & Mobilya > Ev > Ev Tekstili > Yatak Odas? Tekstili > Nevresim Tak?m? > ?ift Ki?ilik Nevresim;;;Ayn? marka ma?aza indeksi;https://www.idefix.com/satici/medaillon-home-8099;?ift ki?ilik nevresim tak?m?.
Medaillon Home Lacivert %100 Pamuklu Lastikli ?ar?afl? ?ift Ki?ilik Nevresim Tak?m?;2248;Ev & Mobilya > Ev > Ev Tekstili > Yatak Odas? Tekstili > Nevresim Tak?m? > ?ift Ki?ilik Nevresim;;;?r?n/fiyat indeksi;https://fiyator.com/brand/133780/medaillon%20home;?ift ki?ilik nevresim tak?m?.
Medaillon Home Ye?il %100 Pamuklu Lastikli ?ar?afl? ?ift Ki?ilik Nevresim Tak?m?;2248;Ev & Mobilya > Ev > Ev Tekstili > Yatak Odas? Tekstili > Nevresim Tak?m? > ?ift Ki?ilik Nevresim;;;?r?n/fiyat indeksi;https://fiyator.com/brand/133780/medaillon%20home;?ift ki?ilik nevresim tak?m?.
Medaillon Home G?l Kurusu 4 Katl? M?slin %100 Pamuklu Pike - Yatak ?rt?s? - Tv Battaniyesi 200X220;2263;Ev & Mobilya > Ev > Ev Tekstili > Yatak Odas? Tekstili > Pike&Pike Tak?m? > ?ift Ki?ilik Pike & Pike Tak?m?;2252;Ev & Mobilya > Ev > Ev Tekstili > Yatak Odas? Tekstili > Yatak ?rt?s? > ?ift Ki?ilik Yatak ?rt?s?;Ayn? marka ma?aza indeksi;https://www.idefix.com/satici/medaillon-home-8099;"Ba?l?kta pike ve 200x220 oldu?u i?in ?ift ki?ilik pike; yatak ?rt?s? olarak a??l?rsa alternatif 2252."
Medaillon Home Turkuaz 4 Katl? M?slin %100 Pamuklu Pike - Yatak ?rt?s? - Tv Battaniyesi 200X220;2263;Ev & Mobilya > Ev > Ev Tekstili > Yatak Odas? Tekstili > Pike&Pike Tak?m? > ?ift Ki?ilik Pike & Pike Tak?m?;2252;Ev & Mobilya > Ev > Ev Tekstili > Yatak Odas? Tekstili > Yatak ?rt?s? > ?ift Ki?ilik Yatak ?rt?s?;Ayn? marka ?r?n indeksi;https://www.idefix.com/medaillon-home-turkuaz-4-katli-muslin-100-pamuklu-pike-yatak-ortusu-tv-battaniyesi-200x220-p-7744633;Pike / pike tak?m? k?r?l?m? en uygun.
Medaillon Home Somon 4 Katl? M?slin %100 Pamuklu Pike - Yatak ?rt?s? - Tv Battaniyesi 200X220;2263;Ev & Mobilya > Ev > Ev Tekstili > Yatak Odas? Tekstili > Pike&Pike Tak?m? > ?ift Ki?ilik Pike & Pike Tak?m?;2252;Ev & Mobilya > Ev > Ev Tekstili > Yatak Odas? Tekstili > Yatak ?rt?s? > ?ift Ki?ilik Yatak ?rt?s?;Ayn? marka ?r?n indeksi;https://www.idefix.com/medaillon-home-somon-4-katli-muslin-100-pamuklu-pike-yatak-ortusu-tv-battaniyesi-200x220-p-7744638;Pike / pike tak?m? k?r?l?m? en uygun.
Medaillon Home Soft Kahverengi 4 Katl? M?slin %100 Saf Pamuklu Pike - Yatak ?rt?s? - Tv Battaniyesi;2263;Ev & Mobilya > Ev > Ev Tekstili > Yatak Odas? Tekstili > Pike&Pike Tak?m? > ?ift Ki?ilik Pike & Pike Tak?m?;2252;Ev & Mobilya > Ev > Ev Tekstili > Yatak Odas? Tekstili > Yatak ?rt?s? > ?ift Ki?ilik Yatak ?rt?s?;Ayn? marka ?r?n indeksi;https://www.idefix.com/medaillon-home-soft-kahverengi-4-katli-muslin-100-saf-pamuklu-pike-yatak-ortusu-tv-battaniyesi-p-7744659;"Pike olarak ge?iyor; ?l?? ?ift ki?ilikse 2263."
Medaillon Home Krem 4 Katl? M?slin %100 Pamuklu Pike - Yatak ?rt?s? - Tv Battaniyesi;2263;Ev & Mobilya > Ev > Ev Tekstili > Yatak Odas? Tekstili > Pike&Pike Tak?m? > ?ift Ki?ilik Pike & Pike Tak?m?;2252;Ev & Mobilya > Ev > Ev Tekstili > Yatak Odas? Tekstili > Yatak ?rt?s? > ?ift Ki?ilik Yatak ?rt?s?;?r?n/fiyat indeksi;https://fiyator.com/brand/133780/medaillon%20home;"Pike olarak ge?iyor; ?l?? ?ift ki?ilikse 2263."
Medaillon Home Gri 4 Katl? M?slin %100 Pamuklu Pike - Yatak ?rt?s? - Tv Battaniyesi 200x220;2263;Ev & Mobilya > Ev > Ev Tekstili > Yatak Odas? Tekstili > Pike&Pike Tak?m? > ?ift Ki?ilik Pike & Pike Tak?m?;2252;Ev & Mobilya > Ev > Ev Tekstili > Yatak Odas? Tekstili > Yatak ?rt?s? > ?ift Ki?ilik Yatak ?rt?s?;?r?n/fiyat indeksi;https://fiyator.com/brand/133780/medaillon%20home;"Pike olarak ge?iyor; 200x220 ?ift ki?ilik."
Medaillon Home Ye?il 4 Katl? M?slin %100 Pamuklu ?ift Tarafl? Yatak ?rt?s? - Pike 220x240;2263;Ev & Mobilya > Ev > Ev Tekstili > Yatak Odas? Tekstili > Pike&Pike Tak?m? > ?ift Ki?ilik Pike & Pike Tak?m?;2252;Ev & Mobilya > Ev > Ev Tekstili > Yatak Odas? Tekstili > Yatak ?rt?s? > ?ift Ki?ilik Yatak ?rt?s?;?r?n/fiyat indeksi;https://fiyator.com/brand/133780/medaillon%20home;"Pike bask?nsa 2263; yaln?zca yatak ?rt?s? olarak a??l?rsa 2252."
Medaillon Home ?izgili 4 Katl? M?slin %100 Pamuklu ?ift Tarafl? Yatak ?rt?s? - Pike 220X240;2263;Ev & Mobilya > Ev > Ev Tekstili > Yatak Odas? Tekstili > Pike&Pike Tak?m? > ?ift Ki?ilik Pike & Pike Tak?m?;2252;Ev & Mobilya > Ev > Ev Tekstili > Yatak Odas? Tekstili > Yatak ?rt?s? > ?ift Ki?ilik Yatak ?rt?s?;Ayn? marka ?r?n indeksi;https://www.idefix.com/medaillon-home-cizgili-4-katli-muslin-100-pamuklu-cift-tarafli-yatak-ortusu-pike-220x240-p-7744620;"Pike ve yatak ?rt?s? birlikte ge?ti?i i?in iki uygun k?r?l?m var; Trendyol?da pike olarak a?mak daha net."
Medaillon Home Turkuaz %100 Pamuklu ?ift Ki?ilik Yast?kl? ?ar?af Seti;2265;Ev & Mobilya > Ev > Ev Tekstili > Yatak Odas? Tekstili > ?ar?af&?ar?af Tak?m? > ?ift Ki?ilik ?ar?af Tak?m?;;;Ayn? marka ma?aza indeksi;https://www.idefix.com/satici/medaillon-home-8099;?ift ki?ilik ?ar?af seti.
Medaillon Home Gri Tek / ?ift Ki?ilik Penye Lastikli ?ar?af;2264;Ev & Mobilya > Ev > Ev Tekstili > Yatak Odas? Tekstili > ?ar?af&?ar?af Tak?m? > Tek Ki?ilik ?ar?af Tak?m?;2265;Ev & Mobilya > Ev > Ev Tekstili > Yatak Odas? Tekstili > ?ar?af&?ar?af Tak?m? > ?ift Ki?ilik ?ar?af Tak?m?;Ayn? marka ma?aza indeksi;https://www.idefix.com/satici/medaillon-home-8099;"Tek ?l??l? barkodlar i?in 2264; ?ift ?l??l? barkodlar i?in 2265 kullan?lmal?."
Medaillon Home G?l Kurusu Pamuklu 2'Li Kapakl? Yast?k K?l?f? 50X70 Cm;1851;Ev & Mobilya > Ev > Ev Tekstili > Yatak Odas? Tekstili > Yast?k&Yast?k K?l?f? > Yast?k K?l?f?;;;Ayn? marka ma?aza indeksi;https://www.idefix.com/satici/medaillon-home-8099;"Uyku yast??? k?l?f?; k?rlent de?il."
Medaillon Home Turkuaz Pamuklu 2'Li Fermuarl? Yast?k K?l?f? 50X70 Cm;1851;Ev & Mobilya > Ev > Ev Tekstili > Yatak Odas? Tekstili > Yast?k&Yast?k K?l?f? > Yast?k K?l?f?;;;Ayn? marka ?r?n indeksi;https://www.idefix.com/medaillon-home-turkuaz-pamuklu-2li-fermuarli-yastik-kilifi-50x70-cm-p-7744640;"Uyku yast??? k?l?f?; k?rlent de?il."
Medaillon Home Yaprak Detayl? Dekoratif Hediyelik 4L? Yast?k K?rlent K?l?f? Seti;1879;Ev & Mobilya > Ev > Ev Dekorasyon > K?rlent & K?rlent K?l?f?;;;Trendyol ?r?n ?nerisi ve ayn? marka ma?aza indeksi;https://www.idefix.com/satici/medaillon-home-8099;Dekoratif k?rlent k?l?f? seti.
Medaillon Home ?ok Renkli Dekoratif Hediyelik Yast?k K?rlent K?l?f? 43X43;1879;Ev & Mobilya > Ev > Ev Dekorasyon > K?rlent & K?rlent K?l?f?;;;Ayn? marka ma?aza indeksi;https://www.idefix.com/satici/medaillon-home-8099;43x43 dekoratif k?rlent k?l?f?.
